t_change_point,alt_1_rank,alt_2_rank,alt_3_rank,alt_4_rank,alt_5_rank
0.7692307692307692,2,3,1,5,4
1.4285714285714286,2,3,1,4,5
2.0,2,3,1,5,4
